0	0.643	0.180	0.234	3.82842712	3.82842712	3.82842712
0	0.113	0.097	0.122	1.41421356	1.41421356	1.41421356
0	0.138	0.166	0.124	2.41421356	2.41421356	2.41421356
0	0.121	0.101	0.110	3.82842712	3.82842712	3.82842712
0	0.180	0.098	0.173	2.00000000	2.00000000	2.00000000
0	0.138	0.103	0.116	2.82842712	2.82842712	2.82842712
0	0.168	0.106	0.132	3.41421356	3.41421356	3.41421356
0	0.111	0.094	0.104	2.41421356	2.41421356	2.41421356
0	0.159	0.157	0.129	3.00000000	3.00000000	3.00000000
0	0.158	0.105	0.132	3.41421356	3.41421356	3.41421356
1	0.427	0.129	0.219	6.41421356	6.41421356	6.41421356
1	0.176	0.102	0.113	5.82842712	5.82842712	5.82842712
1	0.131	0.151	0.138	5.24264069	5.24264069	5.24264069
1	0.150	0.100	0.163	4.82842712	4.82842712	4.82842712
1	0.306	0.159	0.167	5.82842712	5.82842712	5.82842712
1	0.331	0.169	0.154	7.41421356	7.41421356	7.41421356
1	0.249	0.144	0.160	6.65685425	6.65685425	6.65685425
1	0.270	0.151	0.202	6.41421356	6.41421356	6.41421356
1	0.186	0.141	0.203	6.24264069	6.24264069	6.24264069
1	0.130	0.094	0.105	5.41421356	5.41421356	5.41421356
2	0.260	0.101	0.117	9.41421356	9.41421356	9.41421356
2	0.178	0.095	0.095	9.41421356	9.41421356	9.41421356
2	0.218	0.097	0.117	9.82842712	9.82842712	9.82842712
2	0.217	0.148	0.096	9.41421356	9.41421356	9.41421356
2	0.295	0.104	0.126	10.48528137	10.48528137	10.48528137
2	0.214	0.094	0.095	8.07106781	8.07106781	8.07106781
2	0.216	0.098	0.099	8.65685425	8.65685425	8.65685425
2	0.208	0.102	0.096	8.41421356	8.41421356	8.41421356
2	0.247	0.104	0.102	9.82842712	9.82842712	9.82842712
2	0.174	0.099	0.096	8.41421356	8.41421356	8.41421356
3	0.336	0.116	0.099	15.72792206	15.72792206	15.72792206
3	0.332	0.116	0.120	13.89949494	13.89949494	13.89949494
3	0.591	0.172	0.114	14.48528137	14.48528137	14.48528137
3	0.162	0.103	0.103	12.65685425	12.65685425	12.65685425
3	0.208	0.112	0.096	14.65685425	14.65685425	14.65685425
3	0.418	0.106	0.109	13.82842712	13.82842712	13.82842712
3	0.373	0.121	0.119	14.07106781	14.07106781	14.07106781
3	0.190	0.102	0.102	12.31370850	12.31370850	12.31370850
3	0.140	0.203	0.100	15.07106781	15.07106781	15.07106781
3	0.216	0.124	0.111	15.41421356	15.41421356	15.41421356
4	0.197	0.115	0.105	17.48528137	17.48528137	17.48528137
4	0.429	0.144	0.139	19.07106781	19.07106781	19.07106781
4	0.352	0.135	0.142	16.89949494	16.89949494	16.89949494
4	0.329	0.122	0.109	19.82842712	19.82842712	19.82842712
4	0.406	0.115	0.096	18.72792206	18.72792206	18.72792206
4	0.243	0.127	0.120	18.14213562	18.14213562	18.14213562
4	0.275	0.112	0.102	19.24264069	19.24264069	19.24264069
4	0.405	0.116	0.136	18.97056275	18.97056275	18.97056275
4	0.384	0.116	0.132	18.41421356	18.41421356	18.41421356
4	0.327	0.178	0.112	16.89949494	16.89949494	16.89949494
5	0.459	0.127	0.111	21.31370850	21.31370850	21.31370850
5	0.515	0.207	0.186	21.41421356	21.41421356	21.41421356
5	0.445	0.183	0.199	20.24264069	20.24264069	20.24264069
5	0.302	0.117	0.102	20.65685425	20.65685425	20.65685425
5	0.229	0.123	0.091	23.41421356	23.41421356	23.41421356
5	0.283	0.110	0.095	20.41421356	20.41421356	20.41421356
5	0.453	0.146	0.097	20.55634919	20.55634919	20.55634919
5	0.383	0.123	0.145	21.41421356	21.41421356	21.41421356
5	0.452	0.106	0.110	20.00000000	20.00000000	20.00000000
5	0.197	0.108	0.100	23.97056275	23.97056275	23.97056275
6	0.313	0.111	0.099	25.38477631	25.38477631	25.38477631
6	0.370	0.108	0.105	26.07106781	26.07106781	26.07106781
6	0.368	0.130	0.112	25.14213562	25.14213562	25.14213562
6	0.558	0.108	0.133	24.89949494	24.89949494	24.89949494
6	0.267	0.104	0.099	25.82842712	25.82842712	25.82842712
6	0.258	0.109	0.107	25.79898987	25.79898987	25.79898987
6	0.313	0.095	0.097	26.00000000	26.00000000	26.00000000
6	0.304	0.145	0.110	27.89949494	27.89949494	27.89949494
6	0.349	0.105	0.109	27.82842712	27.82842712	27.82842712
6	0.225	0.108	0.111	25.38477631	25.38477631	25.38477631
7	0.459	0.125	0.127	30.21320344	30.21320344	30.21320344
7	0.482	0.121	0.112	29.55634919	29.55634919	29.55634919
7	0.373	0.119	0.113	31.62741700	31.62741700	31.62741700
7	0.483	0.106	0.134	29.62741700	29.62741700	29.62741700
7	0.449	0.111	0.112	31.65685425	31.65685425	31.65685425
7	0.563	0.128	0.121	28.79898987	28.79898987	28.79898987
7	0.315	0.167	0.117	31.55634919	31.55634919	31.55634919
7	0.482	0.125	0.112	29.48528137	29.48528137	29.48528137
7	0.336	0.103	0.101	29.45584412	29.45584412	29.45584412
7	0.351	0.113	0.113	28.72792206	28.72792206	28.72792206
8	0.361	0.115	0.124	33.38477631	33.38477631	33.38477631
8	0.479	0.113	0.119	35.79898987	35.79898987	35.79898987
8	0.456	0.122	0.135	35.04163056	35.04163056	35.04163056
8	0.450	0.097	0.097	32.00000000	32.00000000	32.00000000
8	0.345	0.118	0.126	34.14213562	34.14213562	34.14213562
8	0.491	0.133	0.144	34.14213562	34.14213562	34.14213562
8	0.504	0.114	0.117	34.21320344	34.21320344	34.21320344
8	0.399	0.124	0.109	35.62741700	35.62741700	35.62741700
8	0.313	0.119	0.115	33.97056275	33.97056275	33.97056275
8	0.435	0.128	0.120	33.79898987	33.79898987	33.79898987
9	0.550	0.108	0.107	37.41421356	37.41421356	37.41421356
9	0.833	0.131	0.137	38.28427125	38.28427125	38.28427125
9	0.407	0.114	0.105	38.97056275	38.97056275	38.97056275
9	0.462	0.115	0.108	36.79898987	36.79898987	36.79898987
9	0.625	0.118	0.117	36.69848481	36.69848481	36.69848481
9	0.346	0.129	0.112	38.48528137	38.48528137	38.48528137
9	0.664	0.148	0.134	38.21320344	38.21320344	38.21320344
9	0.335	0.156	0.113	39.04163056	39.04163056	39.04163056
9	0.345	0.113	0.102	36.31370850	36.31370850	36.31370850
9	0.434	0.186	0.129	37.62741700	37.62741700	37.62741700
10	0.406	0.197	0.114	42.38477631	42.38477631	42.38477631
10	0.367	0.130	0.114	40.79898987	40.79898987	40.79898987
10	0.647	0.155	0.158	40.79898987	40.79898987	40.79898987
10	0.521	0.210	0.193	40.52691193	40.52691193	40.52691193
10	0.911	0.212	0.183	42.48528137	42.48528137	42.48528137
10	0.957	0.241	0.132	41.21320344	41.21320344	41.21320344
10	1.863	0.106	0.115	41.00000000	41.00000000	41.00000000
10	0.693	0.128	0.121	42.72792206	42.72792206	42.72792206
10	0.531	0.188	0.162	41.79898987	41.79898987	41.79898987
10	0.798	0.155	0.124	41.79898987	41.79898987	41.79898987
11	0.610	0.201	0.122	44.72792206	44.72792206	44.72792206
11	0.708	0.121	0.124	44.14213562	44.14213562	44.14213562
11	0.572	0.188	0.121	45.14213562	45.14213562	45.14213562
11	0.853	0.161	0.137	47.21320344	47.21320344	47.21320344
11	0.689	0.212	0.146	45.69848481	45.69848481	45.69848481
11	0.637	0.171	0.115	44.31370850	44.31370850	44.31370850
11	0.383	0.115	0.111	45.48528137	45.48528137	45.48528137
11	0.491	0.268	0.136	45.69848481	45.69848481	45.69848481
11	0.739	0.122	0.114	46.31370850	46.31370850	46.31370850
11	0.680	0.148	0.124	45.55634919	45.55634919	45.55634919
12	0.698	0.194	0.132	49.11269837	49.11269837	49.11269837
12	0.311	0.131	0.120	50.14213562	50.14213562	50.14213562
12	0.483	0.160	0.121	48.76955262	48.76955262	48.76955262
12	0.635	0.130	0.110	50.79898987	50.79898987	50.79898987
12	0.712	0.120	0.125	50.18376618	50.18376618	50.18376618
12	0.680	0.154	0.111	49.28427125	49.28427125	49.28427125
12	0.751	0.129	0.139	49.76955262	49.76955262	49.76955262
12	0.842	0.144	0.123	49.87005769	49.87005769	49.87005769
12	0.646	0.138	0.122	50.62741700	50.62741700	50.62741700
12	0.732	0.131	0.136	49.45584412	49.45584412	49.45584412
13	0.642	0.136	0.122	55.21320344	55.21320344	55.21320344
13	0.550	0.149	0.122	54.72792206	54.72792206	54.72792206
13	0.963	0.164	0.126	54.21320344	54.21320344	54.21320344
13	0.956	0.144	0.124	53.35533906	53.35533906	53.35533906
13	0.983	0.227	0.144	55.11269837	55.11269837	55.11269837
13	0.691	0.297	0.136	54.52691193	54.52691193	54.52691193
13	0.661	0.154	0.147	54.62741700	54.62741700	54.62741700
13	1.111	0.196	0.111	54.01219331	54.01219331	54.01219331
13	0.852	0.496	0.181	54.45584412	54.45584412	54.45584412
13	0.929	0.158	0.117	53.31370850	53.31370850	53.31370850
14	0.860	0.245	0.124	58.69848481	58.69848481	58.69848481
14	0.792	0.153	0.126	59.11269837	59.11269837	59.11269837
14	0.868	0.352	0.146	59.94112550	59.94112550	59.94112550
14	0.823	0.340	0.165	58.69848481	58.69848481	58.69848481
14	0.909	0.303	0.150	58.62741700	58.62741700	58.62741700
14	2.527	0.117	0.120	59.48528137	59.48528137	59.48528137
14	0.774	0.272	0.145	58.31370850	58.31370850	58.31370850
14	0.523	0.173	0.142	59.11269837	59.11269837	59.11269837
14	0.959	0.276	0.131	57.79898987	57.79898987	57.79898987
14	1.045	0.266	0.133	58.42640687	58.42640687	58.42640687
15	0.948	0.278	0.150	62.94112550	62.94112550	62.94112550
15	0.997	0.184	0.130	60.76955262	60.76955262	60.76955262
15	0.847	0.127	0.118	60.21320344	60.21320344	60.21320344
15	0.477	0.139	0.123	63.15432893	63.15432893	63.15432893
15	1.168	0.333	0.141	61.69848481	61.69848481	61.69848481
15	1.178	0.252	0.133	63.87005769	63.87005769	63.87005769
15	1.108	0.252	0.136	60.45584412	60.45584412	60.45584412
15	0.496	0.251	0.131	61.76955262	61.76955262	61.76955262
15	0.546	0.179	0.119	61.76955262	61.76955262	61.76955262
15	0.484	0.198	0.119	60.28427125	60.28427125	60.28427125
16	1.242	0.431	0.168	66.45584412	66.45584412	66.45584412
16	0.651	0.514	0.268	67.04163056	67.04163056	67.04163056
16	0.465	0.157	0.116	65.42640687	65.42640687	65.42640687
16	0.693	0.152	0.138	65.28427125	65.28427125	65.28427125
16	0.618	0.204	0.140	66.18376618	66.18376618	66.18376618
16	1.129	0.316	0.130	65.87005769	65.87005769	65.87005769
16	0.796	0.342	0.165	66.62741700	66.62741700	66.62741700
16	0.942	0.145	0.123	67.59797975	67.59797975	67.59797975
16	0.485	0.134	0.111	64.04163056	64.04163056	64.04163056
16	0.868	0.145	0.132	67.35533906	67.35533906	67.35533906
17	1.061	0.325	0.157	68.21320344	68.21320344	68.21320344
17	1.184	0.157	0.138	70.25483400	70.25483400	70.25483400
17	0.771	0.217	0.138	69.66904756	69.66904756	69.66904756
17	0.450	0.146	0.125	68.11269837	68.11269837	68.11269837
17	0.852	0.403	0.190	68.11269837	68.11269837	68.11269837
17	1.185	0.143	0.116	69.14213562	69.14213562	69.14213562
17	1.276	0.163	0.129	70.45584412	70.45584412	70.45584412
17	0.913	0.283	0.147	71.45584412	71.45584412	71.45584412
17	0.845	0.166	0.127	70.59797975	70.59797975	70.59797975
17	0.507	0.261	0.128	69.42640687	69.42640687	69.42640687
18	1.242	0.438	0.143	74.35533906	74.35533906	74.35533906
18	1.209	0.295	0.152	74.18376618	74.18376618	74.18376618
18	1.195	0.213	0.137	75.11269837	75.11269837	75.11269837
18	1.455	0.290	0.128	74.52691193	74.52691193	74.52691193
18	1.067	0.351	0.174	73.42640687	73.42640687	73.42640687
18	1.545	0.548	0.164	75.18376618	75.18376618	75.18376618
18	1.543	0.254	0.116	72.79898987	72.79898987	72.79898987
18	1.039	0.297	0.159	73.11269837	73.11269837	73.11269837
18	0.654	0.257	0.149	73.74011537	73.74011537	73.74011537
18	1.136	0.405	0.158	72.01219331	72.01219331	72.01219331
19	1.270	0.309	0.167	77.72792206	77.72792206	77.72792206
19	1.148	0.508	0.202	77.45584412	77.45584412	77.45584412
19	1.365	0.322	0.134	78.69848481	78.69848481	78.69848481
19	1.131	0.432	0.156	76.21320344	76.21320344	76.21320344
19	1.415	0.212	0.120	78.76955262	78.76955262	78.76955262
19	1.449	0.611	0.192	77.87005769	77.87005769	77.87005769
19	1.976	0.242	0.128	78.21320344	78.21320344	78.21320344
19	1.640	0.593	0.200	78.42640687	78.42640687	78.42640687
19	1.109	0.271	0.147	77.05382387	77.05382387	77.05382387
19	0.897	0.298	0.130	78.84062043	78.84062043	78.84062043
20	0.905	0.192	0.134	82.87005769	82.87005769	82.87005769
20	0.767	0.390	0.338	82.11269837	82.11269837	82.11269837
20	1.590	0.221	0.153	81.22539674	81.22539674	81.22539674
20	0.843	0.278	0.140	81.11269837	81.11269837	81.11269837
20	0.938	0.298	0.131	81.01219331	81.01219331	81.01219331
20	1.498	0.243	0.127	80.45584412	80.45584412	80.45584412
20	1.533	0.304	0.162	81.39696962	81.39696962	81.39696962
20	1.495	0.288	0.133	82.63961031	82.63961031	82.63961031
20	1.530	0.603	0.203	83.59797975	83.59797975	83.59797975
20	1.149	0.283	0.150	82.76955262	82.76955262	82.76955262
21	1.058	0.208	0.110	86.35533906	86.35533906	86.35533906
21	1.341	0.243	0.120	87.62741700	87.62741700	87.62741700
21	1.644	0.339	0.136	87.49747468	87.49747468	87.49747468
21	1.040	0.530	0.156	87.94112550	87.94112550	87.94112550
21	0.995	0.340	0.142	87.76955262	87.76955262	87.76955262
21	1.304	0.302	0.151	87.84062043	87.84062043	87.84062043
21	1.204	0.591	0.203	86.71067812	86.71067812	86.71067812
21	1.100	0.370	0.183	84.59797975	84.59797975	84.59797975
21	1.441	0.259	0.152	85.29646456	85.29646456	85.29646456
21	0.923	0.301	0.126	85.62741700	85.62741700	85.62741700
22	1.151	0.272	0.118	90.01219331	90.01219331	90.01219331
22	1.546	0.312	0.140	89.11269837	89.11269837	89.11269837
22	1.138	0.291	0.144	91.66904756	91.66904756	91.66904756
22	1.932	0.263	0.123	91.62741700	91.62741700	91.62741700
22	1.720	0.322	0.121	91.11269837	91.11269837	91.11269837
22	1.213	0.354	0.134	90.91168825	90.91168825	90.91168825
22	1.823	0.371	0.127	88.08326112	88.08326112	88.08326112
22	1.169	0.175	0.132	91.01219331	91.01219331	91.01219331
22	1.261	0.211	0.151	88.18376618	88.18376618	88.18376618
22	1.041	0.418	0.156	91.25483400	91.25483400	91.25483400
23	0.921	0.367	0.139	92.08326112	92.08326112	92.08326112
23	1.383	0.211	0.106	93.94112550	93.94112550	93.94112550
23	1.235	0.233	0.130	95.56854249	95.56854249	95.56854249
23	0.988	0.353	0.146	92.15432893	92.15432893	92.15432893
23	1.249	0.543	0.243	92.25483400	92.25483400	92.25483400
23	0.951	0.252	0.121	95.52691193	95.52691193	95.52691193
23	1.525	0.353	0.157	95.81118318	95.81118318	95.81118318
23	1.816	0.351	0.125	92.84062043	92.84062043	92.84062043
23	0.837	0.233	0.125	93.35533906	93.35533906	93.35533906
23	1.962	0.208	0.153	92.61017306	92.61017306	92.61017306
24	1.696	0.255	0.165	98.56854249	98.56854249	98.56854249
24	1.527	0.488	0.181	96.08326112	96.08326112	96.08326112
24	1.728	0.241	0.128	99.94112550	99.94112550	99.94112550
24	1.572	0.382	0.141	97.74011537	97.74011537	97.74011537
24	1.135	0.649	0.168	98.94112550	98.94112550	98.94112550
24	1.591	0.441	0.183	99.91168825	99.91168825	99.91168825
24	1.507	0.830	0.264	96.32590181	96.32590181	96.32590181
24	1.116	0.571	0.207	96.25483400	96.25483400	96.25483400
24	0.871	0.267	0.136	98.36753237	98.36753237	98.36753237
24	1.836	0.314	0.129	96.66904756	96.66904756	96.66904756
25	1.101	0.507	0.160	100.35533906	100.35533906	100.35533906
25	1.636	0.586	0.159	100.91168825	100.91168825	100.91168825
25	1.594	0.553	0.156	100.49747468	100.49747468	100.49747468
25	1.806	0.517	0.176	101.59797975	101.59797975	101.59797975
25	1.099	0.168	0.155	101.46803743	101.46803743	101.46803743
25	1.516	0.291	0.170	103.39696962	103.39696962	103.39696962
25	1.039	0.442	0.175	100.42640687	100.42640687	100.42640687
25	1.081	0.446	0.163	100.56854249	100.56854249	100.56854249
25	1.365	0.219	0.125	103.42640687	103.42640687	103.42640687
25	1.193	0.451	0.180	102.63961031	102.63961031	102.63961031
26	1.466	0.237	0.145	104.94112550	104.94112550	104.94112550
26	1.277	0.471	0.175	106.79898987	106.79898987	106.79898987
26	1.216	0.762	0.217	104.91168825	104.91168825	104.91168825
26	1.697	0.312	0.136	105.01219331	105.01219331	105.01219331
26	1.523	0.569	0.176	104.49747468	104.49747468	104.49747468
26	1.660	0.316	0.139	105.52691193	105.52691193	105.52691193
26	2.194	0.185	0.145	105.39696962	105.39696962	105.39696962
26	1.227	0.377	0.171	106.84062043	106.84062043	106.84062043
26	0.971	0.294	0.124	106.11269837	106.11269837	106.11269837
26	1.822	0.723	0.198	106.25483400	106.25483400	106.25483400
27	1.993	0.344	0.151	109.52691193	109.52691193	109.52691193
27	2.303	0.284	0.158	110.09545443	110.09545443	110.09545443
27	1.701	0.414	0.172	109.02438662	109.02438662	109.02438662
27	1.990	0.191	0.150	109.66904756	109.66904756	109.66904756
27	1.468	0.773	0.162	111.39696962	111.39696962	111.39696962
27	1.826	0.414	0.140	110.35533906	110.35533906	110.35533906
27	1.354	0.534	0.161	111.18376618	111.18376618	111.18376618
27	1.698	0.422	0.143	109.15432893	109.15432893	109.15432893
27	0.921	0.421	0.150	110.53910524	110.53910524	110.53910524
27	1.765	0.500	0.228	109.56854249	109.56854249	109.56854249
28	1.054	0.490	0.149	114.29646456	114.29646456	114.29646456
28	1.419	0.387	0.155	113.69848481	113.69848481	113.69848481
28	1.251	1.015	0.195	113.61017306	113.61017306	113.61017306
28	1.754	0.719	0.171	115.61017306	115.61017306	115.61017306
28	1.853	0.367	0.154	112.81118318	112.81118318	112.81118318
28	1.326	0.323	0.163	113.85281374	113.85281374	113.85281374
28	2.135	0.493	0.148	113.39696962	113.39696962	113.39696962
28	1.579	0.347	0.150	114.39696962	114.39696962	114.39696962
28	1.548	0.718	0.196	112.74011537	112.74011537	112.74011537
28	1.142	0.748	0.245	114.19595949	114.19595949	114.19595949
29	2.114	0.897	0.231	118.63961031	118.63961031	118.63961031
29	2.253	0.390	0.154	116.29646456	116.29646456	116.29646456
29	2.029	0.501	0.179	118.98275606	118.98275606	118.98275606
29	1.605	1.072	0.333	118.66904756	118.66904756	118.66904756
29	1.735	0.562	0.190	118.40916293	118.40916293	118.40916293
29	1.237	0.420	0.140	118.18376618	118.18376618	118.18376618
29	1.111	0.871	0.219	117.46803743	117.46803743	117.46803743
29	2.043	0.792	0.219	118.49747468	118.49747468	118.49747468
29	1.792	0.715	0.194	119.74011537	119.74011537	119.74011537
29	1.643	0.510	0.161	116.32590181	116.32590181	116.32590181
30	1.841	0.245	0.150	122.08326112	122.08326112	122.08326112
30	1.874	0.198	0.150	120.25483400	120.25483400	120.25483400
30	1.924	0.900	0.196	121.63961031	121.63961031	121.63961031
30	1.125	0.449	0.152	120.05382387	120.05382387	120.05382387
30	1.354	0.887	0.194	121.46803743	121.46803743	121.46803743
30	2.097	0.548	0.153	121.95331881	121.95331881	121.95331881
30	2.020	0.482	0.177	121.46803743	121.46803743	121.46803743
30	1.770	0.923	0.210	123.15432893	123.15432893	123.15432893
30	0.746	0.687	0.213	121.06601718	121.06601718	121.06601718
30	2.531	0.331	0.150	121.12489168	121.12489168	121.12489168
31	2.456	0.345	0.152	125.53910524	125.53910524	125.53910524
31	1.827	0.709	0.197	124.46803743	124.46803743	124.46803743
31	1.368	0.944	0.263	127.46803743	127.46803743	127.46803743
31	2.280	0.859	0.195	125.81118318	125.81118318	125.81118318
31	2.045	0.378	0.167	126.53910524	126.53910524	126.53910524
31	1.466	1.001	0.230	126.66904756	126.66904756	126.66904756
31	2.156	0.881	0.216	124.98275606	124.98275606	124.98275606
31	1.901	0.205	0.146	125.43860018	125.43860018	125.43860018
31	2.140	1.085	0.258	126.36753237	126.36753237	126.36753237
31	2.484	0.627	0.168	125.39696962	125.39696962	125.39696962
32	2.257	0.412	0.166	128.81118318	128.81118318	128.81118318
32	2.592	0.698	0.172	131.46803743	131.46803743	131.46803743
32	0.801	0.168	0.137	128.62236636	128.62236636	128.62236636
32	2.232	0.454	0.175	130.15432893	130.15432893	130.15432893
32	1.786	0.616	0.155	130.95331881	130.95331881	130.95331881
32	1.693	0.561	0.158	131.19595949	131.19595949	131.19595949
32	1.828	0.732	0.165	129.15432893	129.15432893	129.15432893
32	2.243	0.755	0.187	130.98275606	130.98275606	130.98275606
32	2.392	0.363	0.145	129.43860018	129.43860018	129.43860018
32	1.826	0.589	0.183	129.95331881	129.95331881	129.95331881
33	2.428	0.594	0.177	135.05382387	135.05382387	135.05382387
33	2.255	0.482	0.204	132.53910524	132.53910524	132.53910524
33	2.361	0.215	0.179	133.12489168	133.12489168	133.12489168
33	2.506	0.789	0.164	134.88225099	134.88225099	134.88225099
33	1.853	0.178	0.162	134.40916293	134.40916293	134.40916293
33	1.998	0.402	0.198	132.19595949	132.19595949	132.19595949
33	2.425	0.594	0.162	135.59797975	135.59797975	135.59797975
33	1.572	0.679	0.174	133.02438662	133.02438662	133.02438662
33	1.708	0.491	0.152	132.74011537	132.74011537	132.74011537
33	2.304	0.357	0.179	133.81118318	133.81118318	133.81118318
34	1.987	0.270	0.184	138.26702730	138.26702730	138.26702730
34	2.072	0.240	0.170	137.29646456	137.29646456	137.29646456
34	1.598	0.928	0.196	139.02438662	139.02438662	139.02438662
34	2.477	0.615	0.159	137.84062043	137.84062043	137.84062043
34	2.513	0.805	0.160	138.05382387	138.05382387	138.05382387
34	2.617	0.454	0.139	137.88225099	137.88225099	137.88225099
34	1.797	0.581	0.172	136.19595949	136.19595949	136.19595949
34	2.083	0.546	0.185	137.39696962	137.39696962	137.39696962
34	2.124	0.613	0.198	136.98275606	136.98275606	136.98275606
34	2.661	0.544	0.146	139.15432893	139.15432893	139.15432893
35	2.485	1.237	0.241	141.19595949	141.19595949	141.19595949
35	1.468	0.972	0.266	143.53910524	143.53910524	143.53910524
35	1.745	1.123	0.233	140.49747468	140.49747468	140.49747468
35	2.511	0.389	0.202	141.50966799	141.50966799	141.50966799
35	2.401	0.679	0.158	140.08326112	140.08326112	140.08326112
35	1.831	1.491	0.231	140.85281374	140.85281374	140.85281374
35	1.390	1.005	0.271	140.26702730	140.26702730	140.26702730
35	2.257	0.681	0.213	140.78174593	140.78174593	140.78174593
35	2.466	0.826	0.186	140.29646456	140.29646456	140.29646456
35	2.185	0.289	0.165	143.78174593	143.78174593	143.78174593
36	2.391	0.592	0.214	147.75230868	147.75230868	147.75230868
36	2.069	0.322	0.150	144.26702730	144.26702730	144.26702730
36	2.696	1.124	0.252	146.05382387	146.05382387	146.05382387
36	2.076	1.484	0.241	147.33809512	147.33809512	147.33809512
36	2.380	0.587	0.208	144.26702730	144.26702730	144.26702730
36	1.506	1.091	0.226	146.36753237	146.36753237	146.36753237
36	2.465	1.197	0.272	147.50966799	147.50966799	147.50966799
36	2.786	0.498	0.155	146.26702730	146.26702730	146.26702730
36	2.380	0.984	0.207	147.15432893	147.15432893	147.15432893
36	1.427	0.964	0.254	145.19595949	145.19595949	145.19595949
37	1.634	0.723	0.288	151.99494937	151.99494937	151.99494937
37	2.219	1.397	0.233	150.92388155	150.92388155	150.92388155
37	2.696	0.887	0.209	149.39696962	149.39696962	149.39696962
37	2.366	0.947	0.478	149.09545443	149.09545443	149.09545443
37	1.809	1.099	0.308	151.61017306	151.61017306	151.61017306
37	1.491	1.198	0.295	151.75230868	151.75230868	151.75230868
37	1.582	0.980	0.200	149.09545443	149.09545443	149.09545443
37	1.620	0.816	0.198	150.19595949	150.19595949	150.19595949
37	1.529	1.573	0.406	150.74011537	150.74011537	150.74011537
37	1.845	1.711	0.377	150.71067812	150.71067812	150.71067812
38	2.281	0.656	0.172	152.56854249	152.56854249	152.56854249
38	2.879	0.748	0.193	152.78174593	152.78174593	152.78174593
38	1.955	1.047	0.296	152.74011537	152.74011537	152.74011537
38	2.782	1.058	0.232	153.75230868	153.75230868	153.75230868
38	2.172	0.973	0.227	152.48023074	152.48023074	152.48023074
38	2.355	0.609	0.183	152.95331881	152.95331881	152.95331881
38	2.150	1.511	0.243	154.82337649	154.82337649	154.82337649
38	1.918	0.744	0.195	154.78174593	154.78174593	154.78174593
38	2.657	0.947	0.204	154.81118318	154.81118318	154.81118318
38	2.249	0.391	0.168	155.40916293	155.40916293	155.40916293
39	2.403	0.610	0.182	157.88225099	157.88225099	157.88225099
39	2.499	0.684	0.179	156.01219331	156.01219331	156.01219331
39	2.545	1.069	0.221	159.12489168	159.12489168	159.12489168
39	2.624	0.798	0.178	157.12489168	157.12489168	157.12489168
39	2.578	0.848	0.182	159.22539674	159.22539674	159.22539674
39	2.332	1.228	0.262	159.08326112	159.08326112	159.08326112
39	2.999	0.757	0.204	156.15432893	156.15432893	156.15432893
39	2.197	0.435	0.180	158.37972568	158.37972568	158.37972568
39	2.802	1.218	0.266	156.71067812	156.71067812	156.71067812
39	1.454	1.056	0.292	156.26702730	156.26702730	156.26702730
40	1.963	1.594	0.394	162.12489168	162.12489168	162.12489168
40	3.024	0.969	0.246	162.01219331	162.01219331	162.01219331
40	2.028	0.916	0.237	160.95331881	160.95331881	160.95331881
40	2.538	1.296	0.240	160.19595949	160.19595949	160.19595949
40	1.677	1.577	0.327	160.36753237	160.36753237	160.36753237
40	2.528	0.858	0.193	163.98275606	163.98275606	163.98275606
40	2.476	1.379	0.298	162.22539674	162.22539674	162.22539674
40	2.453	0.743	0.176	161.26702730	161.26702730	161.26702730
40	2.674	1.353	0.260	160.98275606	160.98275606	160.98275606
40	3.359	1.085	0.262	162.32590181	162.32590181	162.32590181
41	1.618	0.895	0.181	167.85281374	167.85281374	167.85281374
41	1.689	1.526	0.344	165.02438662	165.02438662	165.02438662
41	3.154	0.976	0.201	164.88225099	164.88225099	164.88225099
41	3.076	1.158	0.239	166.95331881	166.95331881	166.95331881
41	2.121	0.736	0.169	167.95331881	167.95331881	167.95331881
41	2.962	1.481	0.291	165.78174593	165.78174593	165.78174593
41	2.554	1.406	0.309	167.78174593	167.78174593	167.78174593
41	2.642	1.035	0.243	166.92388155	166.92388155	166.92388155
41	2.218	1.247	0.261	164.82337649	164.82337649	164.82337649
41	2.159	0.755	0.207	165.68124087	165.68124087	165.68124087
42	2.296	0.777	0.202	169.06601718	169.06601718	169.06601718
42	2.796	1.259	0.237	168.29646456	168.29646456	168.29646456
42	1.859	1.024	0.234	168.16652224	168.16652224	168.16652224
42	2.996	1.038	0.224	169.23759005	169.23759005	169.23759005
42	1.624	0.676	0.171	171.33809512	171.33809512	171.33809512
42	3.217	1.072	0.226	170.05382387	170.05382387	170.05382387
42	2.047	1.205	0.368	168.39696962	168.39696962	168.39696962
42	3.015	1.646	0.269	170.78174593	170.78174593	170.78174593
42	2.804	0.948	0.203	169.22539674	169.22539674	169.22539674
42	3.037	1.322	0.293	170.15432893	170.15432893	170.15432893
43	2.553	1.045	0.261	173.09545443	173.09545443	173.09545443
43	2.632	1.153	0.211	175.63961031	175.63961031	175.63961031
43	3.238	0.708	0.191	172.61017306	172.61017306	172.61017306
43	3.162	1.290	0.237	173.46803743	173.46803743	173.46803743
43	2.935	1.644	0.335	175.22539674	175.22539674	175.22539674
43	2.399	0.974	0.238	173.85281374	173.85281374	173.85281374
43	1.600	1.446	0.379	175.78174593	175.78174593	175.78174593
43	3.333	0.975	0.235	172.56854249	172.56854249	172.56854249
43	2.845	0.850	0.210	173.88225099	173.88225099	173.88225099
43	2.059	1.229	0.347	172.09545443	172.09545443	172.09545443
44	2.855	1.852	0.373	176.43860018	176.43860018	176.43860018
44	2.557	1.608	0.267	176.36753237	176.36753237	176.36753237
44	3.409	1.282	0.275	179.56854249	179.56854249	179.56854249
44	2.479	0.799	0.209	179.55129855	179.55129855	179.55129855
44	1.650	0.762	0.181	177.40916293	177.40916293	177.40916293
44	1.878	1.253	0.366	176.61017306	176.61017306	176.61017306
44	1.627	2.241	0.433	178.09545443	178.09545443	178.09545443
44	2.742	1.717	0.394	179.74011537	179.74011537	179.74011537
44	2.185	0.739	0.194	179.63961031	179.63961031	179.63961031
44	2.280	1.700	0.407	179.53910524	179.53910524	179.53910524
45	3.500	1.016	0.236	180.85281374	180.85281374	180.85281374
45	3.278	1.596	0.340	183.88225099	183.88225099	183.88225099
45	2.873	1.699	0.284	181.89444430	181.89444430	181.89444430
45	3.656	1.827	0.356	181.78174593	181.78174593	181.78174593
45	2.430	1.696	0.319	180.29646456	180.29646456	180.29646456
45	2.407	2.025	0.410	183.29646456	183.29646456	183.29646456
45	1.599	1.393	0.404	180.75230868	180.75230868	180.75230868
45	2.870	1.678	0.266	181.36753237	181.36753237	181.36753237
45	3.463	1.119	0.267	183.79393924	183.79393924	183.79393924
45	1.982	1.662	0.395	181.61017306	181.61017306	181.61017306
46	2.654	0.863	0.201	187.78174593	187.78174593	187.78174593
46	3.107	1.830	0.297	186.65180362	186.65180362	186.65180362
46	1.928	0.859	0.217	186.55129855	186.55129855	186.55129855
46	2.193	0.840	0.214	185.10764774	185.10764774	185.10764774
46	2.131	1.768	0.466	186.12489168	186.12489168	186.12489168
46	3.558	1.397	0.291	186.98275606	186.98275606	186.98275606
46	1.999	0.977	0.232	184.95331881	184.95331881	184.95331881
46	2.693	1.004	0.202	187.61017306	187.61017306	187.61017306
46	2.742	0.820	0.218	185.71067812	185.71067812	185.71067812
46	1.743	0.906	0.218	184.03657993	184.03657993	184.03657993
47	3.242	2.110	0.354	190.58073580	190.58073580	190.58073580
47	1.926	1.487	0.377	189.85281374	189.85281374	189.85281374
47	3.306	2.217	0.351	190.50966799	190.50966799	190.50966799
47	3.558	2.608	0.451	190.09545443	190.09545443	190.09545443
47	2.129	1.500	0.354	189.30865787	189.30865787	189.30865787
47	1.661	1.549	0.279	189.89444430	189.89444430	189.89444430
47	1.677	1.491	0.364	190.16652224	190.16652224	190.16652224
47	2.157	2.240	0.414	188.71067812	188.71067812	188.71067812
47	3.467	1.372	0.235	191.63961031	191.63961031	191.63961031
47	2.727	1.195	0.209	189.36753237	189.36753237	189.36753237
48	3.547	2.984	0.513	195.02438662	195.02438662	195.02438662
48	3.415	1.489	0.269	192.12489168	192.12489168	192.12489168
48	2.208	1.940	0.432	195.09545443	195.09545443	195.09545443
48	1.831	2.142	0.482	192.46803743	192.46803743	192.46803743
48	2.395	1.075	0.257	194.65180362	194.65180362	194.65180362
48	2.989	1.739	0.271	195.10764774	195.10764774	195.10764774
48	3.027	2.313	0.438	194.29646456	194.29646456	194.29646456
48	3.513	2.503	0.430	195.43860018	195.43860018	195.43860018
48	2.547	1.998	0.401	193.71067812	193.71067812	193.71067812
48	3.522	1.683	0.277	193.02438662	193.02438662	193.02438662
49	2.749	2.072	0.486	196.12489168	196.12489168	196.12489168
49	2.782	0.762	0.177	198.06601718	198.06601718	198.06601718
49	2.238	1.192	0.252	196.06601718	196.06601718	196.06601718
49	2.339	1.573	0.387	197.13708499	197.13708499	197.13708499
49	1.761	2.107	0.443	196.36753237	196.36753237	196.36753237
49	3.515	2.995	0.512	199.50966799	199.50966799	199.50966799
49	3.510	1.634	0.266	198.62236636	198.62236636	198.62236636
49	3.058	1.241	0.256	199.92388155	199.92388155	199.92388155
49	2.481	1.405	0.316	198.43860018	198.43860018	198.43860018
49	2.072	1.888	0.441	199.98275606	199.98275606	199.98275606
50	3.229	2.143	0.390	201.88225099	201.88225099	201.88225099
50	3.341	2.608	0.454	201.78174593	201.78174593	201.78174593
50	3.599	2.154	0.391	201.32590181	201.32590181	201.32590181
50	3.070	2.331	0.445	202.22539674	202.22539674	202.22539674
50	2.729	2.705	0.527	201.43860018	201.43860018	201.43860018
50	3.958	2.951	0.553	201.16652224	201.16652224	201.16652224
50	1.975	1.141	0.228	201.23759005	201.23759005	201.23759005
50	3.229	1.545	0.253	200.55129855	200.55129855	200.55129855
50	3.639	2.682	0.466	203.23759005	203.23759005	203.23759005
50	1.611	1.364	0.378	203.72287143	203.72287143	203.72287143
51	3.299	2.428	0.491	204.68124087	204.68124087	204.68124087
51	3.765	1.818	0.300	206.35028843	206.35028843	206.35028843
51	2.218	1.996	0.481	207.30865787	207.30865787	207.30865787
51	1.794	2.165	0.483	206.12489168	206.12489168	206.12489168
51	3.538	2.352	0.476	204.16652224	204.16652224	204.16652224
51	2.243	1.259	0.264	205.16652224	205.16652224	205.16652224
51	3.295	1.682	0.276	205.24978336	205.24978336	205.24978336
51	2.884	2.291	0.503	206.71067812	206.71067812	206.71067812
51	3.537	2.353	0.444	204.29646456	204.29646456	204.29646456
51	3.422	1.846	0.379	206.68124087	206.68124087	206.68124087
52	1.704	1.664	0.404	209.72287143	209.72287143	209.72287143
52	2.062	0.979	0.235	208.19595949	208.19595949	208.19595949
52	3.349	2.751	0.600	210.36753237	210.36753237	210.36753237
52	2.788	2.642	0.533	211.78174593	211.78174593	211.78174593
52	3.343	2.331	0.423	211.19595949	211.19595949	211.19595949
52	4.313	2.826	0.557	210.86500705	210.86500705	210.86500705
52	3.965	3.188	0.541	211.33809512	211.33809512	211.33809512
52	3.316	2.643	0.494	209.68124087	209.68124087	209.68124087
52	4.107	3.079	0.520	210.72287143	210.72287143	210.72287143
52	3.673	2.672	0.442	210.19595949	210.19595949	210.19595949
53	3.690	2.831	0.468	215.75230868	215.75230868	215.75230868
53	4.189	2.790	0.527	212.06601718	212.06601718	212.06601718
53	2.381	1.923	0.427	213.36753237	213.36753237	213.36753237
53	3.491	1.883	0.293	215.65180362	215.65180362	215.65180362
53	3.389	2.315	0.367	213.55129855	213.55129855	213.55129855
53	2.312	1.227	0.278	213.55129855	213.55129855	213.55129855
53	2.365	2.222	0.419	213.05382387	213.05382387	213.05382387
53	3.677	2.186	0.365	214.00714267	214.00714267	214.00714267
53	4.062	2.390	0.444	214.02438662	214.02438662	214.02438662
53	3.057	1.595	0.325	214.78174593	214.78174593	214.78174593
54	3.143	2.606	0.562	216.68124087	216.68124087	216.68124087
54	2.592	2.091	0.423	216.09545443	216.09545443	216.09545443
54	2.207	1.173	0.270	216.20815280	216.20815280	216.20815280
54	1.845	1.916	0.376	216.72287143	216.72287143	216.72287143
54	3.068	2.607	0.512	217.92388155	217.92388155	217.92388155
54	2.847	2.602	0.469	216.16652224	216.16652224	216.16652224
54	3.475	2.810	0.447	217.50966799	217.50966799	217.50966799
54	2.898	2.196	0.478	218.92388155	218.92388155	218.92388155
54	3.840	1.942	0.319	218.66399692	218.66399692	218.66399692
54	2.373	2.379	0.485	216.88225099	216.88225099	216.88225099
55	2.035	1.079	0.214	220.96551211	220.96551211	220.96551211
55	3.118	2.028	0.403	223.58073580	223.58073580	223.58073580
55	1.846	1.634	0.404	221.13708499	221.13708499	221.13708499
55	2.451	1.867	0.428	221.71067812	221.71067812	221.71067812
55	2.344	1.238	0.283	220.45079349	220.45079349	220.45079349
55	3.639	2.990	0.548	223.22539674	223.22539674	223.22539674
55	1.938	1.873	0.432	220.89444430	220.89444430	220.89444430
55	1.829	1.474	0.419	220.99494937	220.99494937	220.99494937
55	3.604	2.789	0.450	220.43860018	220.43860018	220.43860018
55	3.167	2.852	0.532	222.43860018	222.43860018	222.43860018
56	2.928	2.451	0.505	227.75230868	227.75230868	227.75230868
56	3.983	3.193	0.600	227.52186130	227.52186130	227.52186130
56	2.810	2.730	0.535	226.85281374	226.85281374	226.85281374
56	3.271	2.649	0.504	227.23759005	227.23759005	227.23759005
56	2.395	2.183	0.501	224.16652224	224.16652224	224.16652224
56	2.727	2.092	0.465	224.29646456	224.29646456	224.29646456
56	2.388	2.196	0.536	227.02438662	227.02438662	227.02438662
56	2.911	2.201	0.509	224.92388155	224.92388155	224.92388155
56	2.423	2.287	0.521	224.99494937	224.99494937	224.99494937
56	1.980	1.702	0.398	227.16652224	227.16652224	227.16652224
57	4.012	3.283	0.616	229.37972568	229.37972568	229.37972568
57	3.032	3.155	0.665	231.85281374	231.85281374	231.85281374
57	3.629	2.907	0.508	230.40916293	230.40916293	230.40916293
57	3.979	3.205	0.627	228.69343418	228.69343418	228.69343418
57	3.176	3.054	0.655	228.88225099	228.88225099	228.88225099
57	2.529	2.114	0.467	231.68124087	231.68124087	231.68124087
57	3.279	2.786	0.548	230.75230868	230.75230868	230.75230868
57	2.542	2.554	0.516	228.13708499	228.13708499	228.13708499
57	3.687	1.981	0.329	230.37972568	230.37972568	230.37972568
57	3.798	3.059	0.571	229.48023074	229.48023074	229.48023074
58	3.292	3.065	0.555	234.06601718	234.06601718	234.06601718
58	2.383	2.176	0.518	233.75230868	233.75230868	233.75230868
58	2.808	2.854	0.617	234.40916293	234.40916293	234.40916293
58	3.083	2.533	0.552	234.09545443	234.09545443	234.09545443
58	2.813	2.693	0.530	234.75230868	234.75230868	234.75230868
58	2.371	1.326	0.290	235.20815280	235.20815280	235.20815280
58	2.944	3.152	0.652	235.99494937	235.99494937	235.99494937
58	3.237	2.981	0.561	233.50966799	233.50966799	233.50966799
58	3.883	2.842	0.558	235.85281374	235.85281374	235.85281374
58	4.038	3.652	0.775	235.89444430	235.89444430	235.89444430
59	2.678	1.630	0.315	238.45079349	238.45079349	238.45079349
59	2.698	2.881	0.557	239.82337649	239.82337649	239.82337649
59	3.197	2.633	0.505	237.16652224	237.16652224	237.16652224
59	3.269	2.794	0.595	238.92388155	238.92388155	238.92388155
59	2.059	1.351	0.410	237.32085117	237.32085117	237.32085117
59	2.984	3.209	0.659	238.75230868	238.75230868	238.75230868
59	3.565	2.888	0.617	236.40916293	236.40916293	236.40916293
59	2.730	1.964	0.396	239.99494937	239.99494937	239.99494937
59	2.664	2.307	0.523	238.23759005	238.23759005	238.23759005
59	2.878	2.821	0.535	239.09545443	239.09545443	239.09545443
60	2.358	2.102	0.528	242.78174593	242.78174593	242.78174593
60	2.998	2.240	0.538	240.26702730	240.26702730	240.26702730
60	2.577	2.259	0.522	241.40916293	241.40916293	241.40916293
60	3.266	2.431	0.484	241.99494937	241.99494937	241.99494937
60	3.081	3.256	0.689	242.02438662	242.02438662	242.02438662
60	3.894	3.395	0.654	243.42135624	243.42135624	243.42135624
60	2.601	2.379	0.544	242.99494937	242.99494937	242.99494937
60	2.667	2.133	0.460	242.43860018	242.43860018	242.43860018
60	3.314	3.550	0.684	242.75230868	242.75230868	242.75230868
60	3.031	3.609	0.957	240.68124087	240.68124087	240.68124087
61	3.695	3.054	0.593	244.58073580	244.58073580	244.58073580
61	3.272	3.409	0.725	247.58073580	247.58073580	247.58073580
61	3.454	3.313	0.703	247.68124087	247.68124087	247.68124087
61	2.863	2.547	0.539	247.30865787	247.30865787	247.30865787
61	2.385	2.484	0.527	245.12489168	245.12489168	245.12489168
61	2.496	1.989	0.463	246.55129855	246.55129855	246.55129855
61	2.624	1.783	0.474	246.82337649	246.82337649	246.82337649
61	2.419	1.791	0.443	244.58073580	244.58073580	244.58073580
61	2.587	2.270	0.923	245.50966799	245.50966799	245.50966799
61	3.807	3.217	0.640	247.23759005	247.23759005	247.23759005
62	3.324	3.535	0.684	250.20815280	250.20815280	250.20815280
62	3.154	3.289	0.615	248.88225099	248.88225099	248.88225099
62	2.416	1.404	0.284	250.45079349	250.45079349	250.45079349
62	3.117	2.873	0.593	248.99494937	248.99494937	248.99494937
62	2.427	1.966	0.478	251.62236636	251.62236636	251.62236636
62	2.321	1.952	0.511	248.82337649	248.82337649	248.82337649
62	2.630	2.301	0.499	250.06601718	250.06601718	250.06601718
62	2.793	2.696	0.556	250.16652224	250.16652224	250.16652224
62	2.599	2.253	0.480	249.26702730	249.26702730	249.26702730
62	2.850	2.964	0.665	250.99494937	250.99494937	250.99494937
63	2.220	1.722	0.432	253.10764774	253.10764774	253.10764774
63	3.689	3.005	0.565	255.92388155	255.92388155	255.92388155
63	3.946	3.517	0.656	253.40916293	253.40916293	253.40916293
63	3.414	3.787	0.802	252.37972568	252.37972568	252.37972568
63	2.369	1.899	0.277	253.62236636	253.62236636	253.62236636
63	2.961	2.627	0.616	252.68124087	252.68124087	252.68124087
63	3.779	3.740	0.776	253.89444430	253.89444430	253.89444430
63	3.586	4.043	0.783	252.09545443	252.09545443	252.09545443
63	3.376	3.597	0.727	255.43860018	255.43860018	255.43860018
63	2.798	2.864	0.603	254.92388155	254.92388155	254.92388155
64	3.316	3.771	0.806	258.96551211	258.96551211	258.96551211
64	4.055	3.469	0.659	257.23759005	257.23759005	257.23759005
64	3.322	3.414	0.671	257.55129855	257.55129855	257.55129855
64	3.463	3.736	0.721	257.13708499	257.13708499	257.13708499
64	2.791	2.594	0.532	258.40916293	258.40916293	258.40916293
64	2.982	2.458	0.518	256.65180362	256.65180362	256.65180362
64	3.301	2.759	0.602	259.33809512	259.33809512	259.33809512
64	2.690	2.345	0.509	259.43860018	259.43860018	259.43860018
64	4.101	3.129	0.640	258.52186130	258.52186130	258.52186130
64	2.457	1.442	0.310	259.37972568	259.37972568	259.37972568
65	2.712	3.014	0.683	263.35028843	263.35028843	263.35028843
65	3.928	3.700	0.796	261.13708499	261.13708499	261.13708499
65	3.157	3.004	0.634	260.33809512	260.33809512	260.33809512
65	3.230	3.460	0.692	260.92388155	260.92388155	260.92388155
65	2.643	2.214	0.514	262.79393924	262.79393924	262.79393924
65	2.995	2.635	0.572	262.65180362	262.65180362	262.65180362
65	2.884	3.418	0.696	261.30865787	261.30865787	261.30865787
65	2.823	2.056	0.471	261.82337649	261.82337649	261.82337649
65	3.257	3.828	0.715	261.99494937	261.99494937	261.99494937
65	3.537	3.516	0.764	260.78174593	260.78174593	260.78174593
66	2.422	1.789	0.491	264.48023074	264.48023074	264.48023074
66	4.004	3.700	0.791	264.69343418	264.69343418	264.69343418
66	2.442	1.798	0.444	264.99494937	264.99494937	264.99494937
66	2.524	2.277	0.508	264.82337649	264.82337649	264.82337649
66	2.493	1.725	0.349	267.82337649	267.82337649	267.82337649
66	2.641	1.930	0.372	264.79393924	264.79393924	264.79393924
66	3.795	3.329	0.653	266.16652224	266.16652224	266.16652224
66	3.153	2.935	0.628	264.16652224	264.16652224	264.16652224
66	2.534	1.594	0.310	267.52186130	267.52186130	267.52186130
66	3.224	3.347	0.711	267.13708499	267.13708499	267.13708499
67	2.166	1.508	0.418	268.77669530	268.77669530	268.77669530
67	3.691	4.022	0.860	269.72287143	269.72287143	269.72287143
67	3.607	3.620	0.689	270.30865787	270.30865787	270.30865787
67	3.689	4.019	0.873	271.23759005	271.23759005	271.23759005
67	2.968	2.374	0.559	271.96551211	271.96551211	271.96551211
67	2.789	2.254	0.527	271.72287143	271.72287143	271.72287143
67	4.171	3.946	0.806	269.96551211	269.96551211	269.96551211
67	2.780	1.356	0.299	270.99494937	270.99494937	270.99494937
67	2.962	3.462	0.686	271.06601718	271.06601718	271.06601718
67	3.376	2.777	0.588	270.65180362	270.65180362	270.65180362
68	2.794	2.371	0.571	275.82337649	275.82337649	275.82337649
68	2.456	1.541	0.307	275.52186130	275.52186130	275.52186130
68	3.698	2.836	0.623	274.62236636	274.62236636	274.62236636
68	3.070	3.208	0.714	272.48023074	272.48023074	272.48023074
68	3.763	3.263	0.620	273.76450199	273.76450199	273.76450199
68	3.660	4.795	0.906	275.45079349	275.45079349	275.45079349
68	2.894	2.433	0.539	272.85281374	272.85281374	272.85281374
68	3.309	3.002	0.585	274.55129855	274.55129855	274.55129855
68	3.024	2.609	0.577	274.62236636	274.62236636	274.62236636
68	4.135	3.808	0.848	272.23759005	272.23759005	272.23759005
69	3.727	4.049	0.862	279.82337649	279.82337649	279.82337649
69	2.853	2.980	0.607	278.20815280	278.20815280	278.20815280
69	2.598	2.669	0.584	279.45079349	279.45079349	279.45079349
69	3.845	3.750	0.851	278.20815280	278.20815280	278.20815280
69	3.590	3.583	0.773	277.68124087	277.68124087	277.68124087
69	3.040	3.533	0.717	278.72287143	278.72287143	278.72287143
69	3.223	3.535	0.720	278.69343418	278.69343418	278.69343418
69	2.701	2.233	0.510	278.48023074	278.48023074	278.48023074
69	3.384	3.475	0.675	279.65180362	279.65180362	279.65180362
69	2.563	2.454	0.542	279.69343418	279.69343418	279.69343418
70	4.145	3.040	0.653	283.10764774	283.10764774	283.10764774
70	4.211	3.124	0.649	282.83556980	282.83556980	282.83556980
70	3.311	3.396	0.666	282.89444430	282.89444430	282.89444430
70	3.459	3.512	0.784	281.62236636	281.62236636	281.62236636
70	3.787	3.348	0.644	283.59292911	283.59292911	283.59292911
70	3.938	3.560	0.667	280.45079349	280.45079349	280.45079349
70	3.191	2.792	0.623	280.20815280	280.20815280	280.20815280
70	2.399	2.236	0.534	281.17871555	281.17871555	281.17871555
70	3.745	3.791	0.744	282.79393924	282.79393924	282.79393924
70	3.035	2.678	0.623	283.69343418	283.69343418	283.69343418
71	3.112	3.233	0.653	286.27922061	286.27922061	286.27922061
71	3.219	3.051	0.612	286.13708499	286.13708499	286.13708499
71	3.100	2.752	0.613	285.03657993	285.03657993	285.03657993
71	3.151	3.026	0.658	285.96551211	285.96551211	285.96551211
71	3.149	3.238	0.685	284.62236636	284.62236636	284.62236636
71	3.213	2.861	0.567	285.23759005	285.23759005	285.23759005
71	3.843	4.240	0.803	285.96551211	285.96551211	285.96551211
71	2.858	2.043	0.488	287.00714267	287.00714267	287.00714267
71	2.599	1.755	0.386	287.10764774	287.10764774	287.10764774
71	2.415	1.769	0.501	284.86500705	284.86500705	284.86500705
72	3.713	3.826	0.785	291.59292911	291.59292911	291.59292911
72	3.158	3.791	0.635	289.75230868	289.75230868	289.75230868
72	3.099	3.014	0.761	290.96551211	290.96551211	290.96551211
72	3.101	2.767	0.579	289.20815280	289.20815280	289.20815280
72	3.306	3.691	0.856	289.27922061	289.27922061	289.27922061
72	3.302	3.031	0.583	288.27922061	288.27922061	288.27922061
72	3.327	3.351	0.673	290.03657993	290.03657993	290.03657993
72	3.078	3.630	0.738	291.79393924	291.79393924	291.79393924
72	2.480	1.848	0.508	289.96551211	289.96551211	289.96551211
72	2.630	1.761	0.381	290.45079349	290.45079349	290.45079349
73	3.133	2.394	0.562	293.89444430	293.89444430	293.89444430
73	2.810	2.256	0.531	294.89444430	294.89444430	294.89444430
73	3.689	3.591	0.738	294.03657993	294.03657993	294.03657993
73	3.093	3.413	0.710	293.45079349	293.45079349	293.45079349
73	3.818	3.984	0.882	295.03657993	295.03657993	295.03657993
73	3.456	3.558	0.731	292.62236636	292.62236636	292.62236636
73	2.659	2.245	0.576	295.76450199	295.76450199	295.76450199
73	3.251	3.529	0.771	293.96551211	293.96551211	293.96551211
73	2.882	2.307	0.546	295.55129855	295.55129855	295.55129855
73	3.131	3.495	0.670	294.62236636	294.62236636	294.62236636
74	3.845	3.813	0.873	297.83556980	297.83556980	297.83556980
74	2.823	2.835	0.653	296.86500705	296.86500705	296.86500705
74	3.857	3.464	0.703	297.48023074	297.48023074	297.48023074
74	3.587	2.513	0.576	297.17871555	297.17871555	297.17871555
74	3.698	3.627	0.825	296.30865787	296.30865787	296.30865787
74	3.544	3.041	0.646	297.27922061	297.27922061	297.27922061
74	3.372	3.750	0.756	298.13708499	298.13708499	298.13708499
74	3.864	3.797	0.851	298.59292911	298.59292911	298.59292911
74	2.738	2.731	0.598	299.07821049	299.07821049	299.07821049
74	3.389	2.679	0.592	298.17871555	298.17871555	298.17871555
75	3.892	3.899	0.877	302.10764774	302.10764774	302.10764774
75	3.739	3.012	0.649	303.17871555	303.17871555	303.17871555
75	4.001	3.300	0.660	301.83556980	301.83556980	301.83556980
75	3.255	3.103	0.645	303.99494937	303.99494937	303.99494937
75	3.625	3.538	0.729	302.96551211	302.96551211	302.96551211
75	3.871	3.919	0.855	301.49242405	301.49242405	301.49242405
75	3.446	3.980	0.817	301.65180362	301.65180362	301.65180362
75	3.124	3.060	0.658	302.89444430	302.89444430	302.89444430
75	3.418	3.189	0.584	301.10764774	301.10764774	301.10764774
75	2.910	3.115	0.652	302.86500705	302.86500705	302.86500705
76	3.295	3.701	0.775	306.35028843	306.35028843	306.35028843
76	2.990	3.343	0.763	304.30865787	304.30865787	304.30865787
76	2.712	2.527	0.542	305.22034611	305.22034611	305.22034611
76	3.550	3.721	0.770	307.00714267	307.00714267	307.00714267
76	3.036	2.576	0.627	305.13708499	305.13708499	305.13708499
76	3.581	3.224	0.669	307.58073580	307.58073580	307.58073580
76	3.220	2.722	0.584	307.42135624	307.42135624	307.42135624
76	2.855	2.155	0.566	304.07821049	304.07821049	304.07821049
76	3.314	3.606	0.739	305.59292911	305.59292911	305.59292911
76	2.942	2.193	0.554	307.56349186	307.56349186	307.56349186
77	3.895	3.896	0.872	310.80613255	310.80613255	310.80613255
77	3.038	3.600	0.734	309.20815280	309.20815280	309.20815280
77	3.603	3.685	0.770	311.66399692	311.66399692	311.66399692
77	3.190	2.729	0.674	308.37972568	308.37972568	308.37972568
77	3.359	2.509	0.637	311.27922061	311.27922061	311.27922061
77	2.827	3.064	0.676	308.07821049	308.07821049	308.07821049
77	4.021	3.556	0.674	310.00714267	310.00714267	310.00714267
77	2.823	2.784	0.616	309.10764774	309.10764774	309.10764774
77	3.623	3.643	0.755	310.62236636	310.62236636	310.62236636
77	3.835	3.281	0.685	310.59292911	310.59292911	310.59292911
78	3.521	2.984	0.615	314.00714267	314.00714267	314.00714267
78	2.839	2.233	0.611	312.76450199	312.76450199	312.76450199
78	3.489	3.643	0.747	313.45079349	313.45079349	313.45079349
78	3.267	3.073	0.681	315.66399692	315.66399692	315.66399692
78	3.364	3.518	0.743	313.69343418	313.69343418	313.69343418
78	2.979	3.051	0.716	313.86500705	313.86500705	313.86500705
78	3.444	3.488	0.728	315.79393924	315.79393924	315.79393924
78	3.793	3.021	0.669	313.17871555	313.17871555	313.17871555
78	3.705	3.493	0.716	312.13708499	312.13708499	312.13708499
78	3.110	3.132	0.680	312.00714267	312.00714267	312.00714267
79	3.064	3.514	0.750	316.59292911	316.59292911	316.59292911
79	3.384	3.794	0.798	316.10764774	316.10764774	316.10764774
79	3.197	3.153	0.721	318.35028843	318.35028843	318.35028843
79	3.156	2.401	0.586	318.49242405	318.49242405	318.49242405
79	3.049	3.456	0.691	317.69343418	317.69343418	317.69343418
79	3.949	3.471	0.682	316.52186130	316.52186130	316.52186130
79	3.271	2.792	0.607	319.06601718	319.06601718	319.06601718
79	2.832	2.724	0.891	316.42135624	316.42135624	316.42135624
79	2.879	3.282	0.655	318.76450199	318.76450199	318.76450199
79	3.635	4.158	0.859	317.42135624	317.42135624	317.42135624
80	3.836	3.740	0.805	320.90663761	320.90663761	320.90663761
80	3.021	2.567	0.618	322.07821049	322.07821049	322.07821049
80	2.995	3.371	0.698	320.96551211	320.96551211	320.96551211
80	3.424	3.338	0.684	321.07821049	321.07821049	321.07821049
80	3.693	3.523	0.756	321.03657993	321.03657993	321.03657993
80	4.292	3.572	0.881	322.87720036	322.87720036	322.87720036
80	3.218	2.989	0.653	321.97770542	321.97770542	321.97770542
80	3.207	3.014	0.636	322.93607486	322.93607486	322.93607486
80	3.766	3.069	0.679	323.83556980	323.83556980	323.83556980
80	2.827	2.256	0.546	323.90663761	323.90663761	323.90663761
81	2.794	2.043	0.533	325.39191899	325.39191899	325.39191899
81	3.084	2.986	0.675	324.49242405	324.49242405	324.49242405
81	3.245	2.951	0.683	326.79393924	326.79393924	326.79393924
81	3.694	3.136	0.668	326.49242405	326.49242405	326.49242405
81	3.832	2.661	0.603	327.83556980	327.83556980	327.83556980
81	4.158	2.955	0.697	326.97770542	326.97770542	326.97770542
81	3.233	2.784	0.609	326.90663761	326.90663761	326.90663761
81	3.668	3.091	0.721	325.24978336	325.24978336	325.24978336
81	3.182	3.108	0.673	326.24978336	326.24978336	326.24978336
81	4.550	2.933	0.652	324.90663761	324.90663761	324.90663761
82	3.619	3.662	0.773	330.42135624	330.42135624	330.42135624
82	3.783	3.070	0.658	330.83556980	330.83556980	330.83556980
82	3.921	3.721	0.780	328.73506474	328.73506474	328.73506474
82	2.930	2.247	0.599	329.80613255	329.80613255	329.80613255
82	2.653	1.949	0.542	328.50461736	328.50461736	328.50461736
82	3.526	3.594	0.743	328.59292911	328.59292911	328.59292911
82	3.196	2.567	0.591	328.97770542	328.97770542	328.97770542
82	3.754	3.063	0.704	328.42135624	328.42135624	328.42135624
82	3.851	3.295	0.691	328.52186130	328.52186130	328.52186130
82	3.712	3.954	0.825	329.32085117	329.32085117	329.32085117
83	3.079	2.344	0.618	335.97770542	335.97770542	335.97770542
83	3.543	3.972	0.835	332.90663761	332.90663761	332.90663761
83	3.626	3.990	0.845	333.73506474	333.73506474	333.73506474
83	3.302	2.880	0.621	333.17871555	333.17871555	333.17871555
83	3.738	2.933	0.653	334.97770542	334.97770542	334.97770542
83	3.139	2.969	0.674	333.42135624	333.42135624	333.42135624
83	3.387	2.885	0.684	335.07821049	335.07821049	335.07821049
83	3.301	3.373	0.722	334.73506474	334.73506474	334.73506474
83	3.207	3.070	0.704	332.93607486	332.93607486	332.93607486
83	3.040	3.297	0.676	335.63455967	335.63455967	335.63455967
84	3.126	2.598	0.655	339.73506474	339.73506474	339.73506474
84	3.628	3.780	0.836	336.14927830	336.14927830	336.14927830
84	3.157	2.519	0.650	338.49242405	338.49242405	338.49242405
84	3.631	3.679	0.799	338.49242405	338.49242405	338.49242405
84	3.122	3.213	0.675	339.00714267	339.00714267	339.00714267
84	3.631	3.068	0.614	339.79393924	339.79393924	339.79393924
84	3.312	3.351	0.748	337.69343418	337.69343418	337.69343418
84	3.619	4.160	0.831	336.49242405	336.49242405	336.49242405
84	3.717	3.381	0.646	337.49242405	337.49242405	337.49242405
84	3.826	3.371	0.700	338.17871555	338.17871555	338.17871555
85	3.802	3.471	0.693	341.70562748	341.70562748	341.70562748
85	3.241	2.473	0.650	341.29141392	341.29141392	341.29141392
85	3.694	3.765	0.773	343.17871555	343.17871555	343.17871555
85	3.181	3.212	0.664	340.46298680	340.46298680	340.46298680
85	3.692	3.864	0.818	340.56349186	340.56349186	340.56349186
85	3.419	2.832	0.619	340.07821049	340.07821049	340.07821049
85	3.924	3.684	0.815	342.39191899	342.39191899	342.39191899
85	3.204	2.582	0.624	343.46298680	343.46298680	343.46298680
85	3.245	3.063	0.716	340.03657993	340.03657993	340.03657993
85	3.405	2.534	0.646	343.22034611	343.22034611	343.22034611
86	3.555	3.482	0.774	346.80613255	346.80613255	346.80613255
86	3.576	2.825	0.674	347.69343418	347.69343418	347.69343418
86	3.345	3.070	0.692	345.93607486	345.93607486	345.93607486
86	3.768	2.752	0.700	347.29141392	347.29141392	347.29141392
86	3.244	2.008	0.551	346.26197667	346.26197667	346.26197667
86	3.795	3.332	0.741	344.76450199	344.76450199	344.76450199
86	3.256	3.464	0.731	347.49242405	347.49242405	347.49242405
86	2.877	2.281	0.557	344.77669530	344.77669530	344.77669530
86	3.003	3.364	0.680	345.39191899	345.39191899	345.39191899
86	3.478	2.991	0.702	345.52186130	345.52186130	345.52186130
87	3.225	2.544	0.670	349.87720036	349.87720036	349.87720036
87	3.418	3.234	0.730	351.56349186	351.56349186	351.56349186
87	3.351	2.869	0.669	348.00714267	348.00714267	348.00714267
87	3.519	2.628	0.599	348.70562748	348.70562748	348.70562748
87	3.704	3.698	0.847	351.04877324	351.04877324	351.04877324
87	3.486	2.625	0.594	349.56349186	349.56349186	349.56349186
87	3.577	2.669	0.603	349.63455967	349.63455967	349.63455967
87	3.449	3.196	0.721	349.32085117	349.32085117	349.32085117
87	3.553	3.449	0.727	350.36248173	350.36248173	350.36248173
87	3.459	2.680	0.639	351.46298680	351.46298680	351.46298680
88	3.596	3.483	0.800	355.49242405	355.49242405	355.49242405
88	3.618	3.685	0.786	355.11984105	355.11984105	355.11984105
88	3.428	2.295	0.629	352.01933598	352.01933598	352.01933598
88	3.816	3.622	0.847	355.04877324	355.04877324	355.04877324
88	3.236	2.606	0.646	355.36248173	355.36248173	355.36248173
88	3.685	2.846	0.644	354.93607486	354.93607486	354.93607486
88	3.568	2.603	0.592	352.73506474	352.73506474	352.73506474
88	3.638	3.046	0.687	355.32085117	355.32085117	355.32085117
88	3.949	3.763	0.843	355.74725805	355.74725805	355.74725805
88	3.217	2.827	0.676	354.87720036	354.87720036	354.87720036
89	3.619	3.845	0.861	357.39191899	357.39191899	357.39191899
89	3.812	2.800	0.641	356.56349186	356.56349186	356.56349186
89	3.838	3.742	0.858	357.77669530	357.77669530	357.77669530
89	2.999	2.208	0.607	357.77669530	357.77669530	357.77669530
89	3.511	2.801	0.649	359.39191899	359.39191899	359.39191899
89	3.501	3.950	0.816	358.56349186	358.56349186	358.56349186
89	3.588	2.724	0.679	357.22034611	357.22034611	357.22034611
89	3.097	2.398	0.639	357.43354955	357.43354955	357.43354955
89	3.548	3.654	0.820	358.66399692	358.66399692	358.66399692
89	3.896	2.902	0.658	357.63455967	357.63455967	357.63455967
90	3.783	2.755	0.686	363.36248173	363.36248173	363.36248173
90	3.405	2.836	0.667	360.66399692	360.66399692	360.66399692
90	3.335	3.904	0.797	363.46298680	363.46298680	363.46298680
90	3.629	2.773	0.645	362.84776311	362.84776311	362.84776311
90	3.632	2.726	0.656	360.09040380	360.09040380	360.09040380
90	3.341	2.953	0.673	362.22034611	362.22034611	362.22034611
90	3.815	3.689	0.800	360.87720036	360.87720036	360.87720036
90	3.609	2.952	0.681	361.73506474	361.73506474	361.73506474
90	3.413	2.573	0.653	362.63455967	362.63455967	362.63455967
90	3.868	3.201	0.675	361.97770542	361.97770542	361.97770542
91	3.485	2.975	0.678	365.52186130	365.52186130	365.52186130
91	4.584	3.795	0.839	365.87720036	365.87720036	365.87720036
91	3.694	3.665	0.800	366.26197667	366.26197667	366.26197667
91	3.798	3.621	0.801	365.70562748	365.70562748	365.70562748
91	3.747	3.037	0.707	367.22034611	367.22034611	367.22034611
91	3.341	3.316	0.732	367.80613255	367.80613255	367.80613255
91	3.769	3.959	0.851	366.87720036	366.87720036	366.87720036
91	3.898	3.823	0.849	365.98989873	365.98989873	365.98989873
91	3.865	3.733	0.854	366.33304448	366.33304448	366.33304448
91	3.875	2.866	0.651	364.11984105	364.11984105	364.11984105
92	3.522	3.496	0.788	371.43354955	371.43354955	371.43354955
92	3.382	3.448	0.754	370.36248173	370.36248173	370.36248173
92	3.631	3.576	0.820	371.11984105	371.11984105	371.11984105
92	3.950	2.821	0.715	369.84776311	369.84776311	369.84776311
92	4.434	3.812	0.826	369.98989873	369.98989873	369.98989873
92	3.917	3.372	0.777	369.24978336	369.24978336	369.24978336
92	3.796	3.701	0.803	371.67619023	371.67619023	371.67619023
92	3.546	3.390	0.731	369.04877324	369.04877324	369.04877324
92	3.073	2.541	0.632	368.98989873	368.98989873	368.98989873
92	3.926	3.796	0.865	368.81832586	368.81832586	368.81832586
93	3.788	3.800	0.855	373.84776311	373.84776311	373.84776311
93	3.678	3.037	0.988	375.11984105	375.11984105	375.11984105
93	3.738	2.928	0.763	373.73506474	373.73506474	373.73506474
93	3.856	3.764	0.840	373.98989873	373.98989873	373.98989873
93	3.411	3.801	0.840	373.39191899	373.39191899	373.39191899
93	3.621	2.988	0.659	372.36248173	372.36248173	372.36248173
93	3.609	3.028	0.692	375.43354955	375.43354955	375.43354955
93	3.669	3.764	0.791	372.60512242	372.60512242	372.60512242
93	3.240	3.311	0.922	375.50461736	375.50461736	375.50461736
93	3.322	2.481	0.654	374.98989873	374.98989873	374.98989873
94	3.490	3.270	0.704	379.63455967	379.63455967	379.63455967
94	3.588	2.719	0.650	376.87720036	376.87720036	376.87720036
94	3.207	2.740	0.659	376.98989873	376.98989873	376.98989873
94	3.591	2.652	0.676	378.43354955	378.43354955	378.43354955
94	3.500	3.669	0.827	377.36248173	377.36248173	377.36248173
94	3.841	2.871	0.684	376.29141392	376.29141392	376.29141392
94	3.515	3.418	0.743	377.80613255	377.80613255	377.80613255
94	3.680	2.986	0.665	376.53405461	376.53405461	376.53405461
94	3.344	2.866	0.710	376.32085117	376.32085117	376.32085117
94	3.460	3.316	0.711	376.97770542	376.97770542	376.97770542
95	3.732	3.636	0.804	383.84776311	383.84776311	383.84776311
95	3.772	3.654	0.847	380.26197667	380.26197667	380.26197667
95	3.690	3.528	0.791	381.67619023	381.67619023	381.67619023
95	3.726	4.029	0.810	380.33304448	380.33304448	380.33304448
95	3.550	3.687	0.796	383.50461736	383.50461736	383.50461736
95	3.601	3.529	0.784	382.87720036	382.87720036	382.87720036
95	3.508	3.393	0.742	380.11984105	380.11984105	380.11984105
95	3.770	3.615	0.797	383.23253942	383.23253942	383.23253942
95	3.732	3.117	0.698	383.23253942	383.23253942	383.23253942
95	3.764	3.120	0.678	381.36248173	381.36248173	381.36248173
96	3.672	3.479	0.772	387.50461736	387.50461736	387.50461736
96	3.952	3.637	0.814	384.87720036	384.87720036	384.87720036
96	3.511	2.643	0.677	384.88939367	384.88939367	384.88939367
96	3.775	3.547	0.816	386.81832586	386.81832586	386.81832586
96	3.852	2.624	0.625	387.84776311	387.84776311	387.84776311
96	3.575	2.847	0.679	385.09040380	385.09040380	385.09040380
96	3.807	2.899	0.650	386.16147161	386.16147161	386.16147161
96	3.653	3.387	0.741	385.22034611	385.22034611	385.22034611
96	4.107	3.233	0.739	386.63455967	386.63455967	386.63455967
96	4.160	3.798	0.994	384.81832586	384.81832586	384.81832586
97	3.836	3.779	0.853	389.64675298	389.64675298	389.64675298
97	3.682	3.575	0.775	388.67619023	388.67619023	388.67619023
97	3.492	3.266	0.734	389.19090886	389.19090886	389.19090886
97	3.666	3.643	0.801	388.53405461	388.53405461	388.53405461
97	3.750	3.013	0.675	389.09040380	389.09040380	389.09040380
97	3.837	4.056	0.816	388.84776311	388.84776311	388.84776311
97	3.814	2.971	0.659	388.50461736	388.50461736	388.50461736
97	3.537	2.922	0.642	388.64675298	388.64675298	388.64675298
97	3.675	3.938	0.800	388.29141392	388.29141392	388.29141392
97	3.590	3.401	0.753	388.70562748	388.70562748	388.70562748
98	3.700	3.698	0.816	393.84776311	393.84776311	393.84776311
98	3.675	3.691	0.790	395.37467504	395.37467504	395.37467504
98	3.771	2.962	0.704	393.96046148	393.96046148	393.96046148
98	3.691	3.711	0.803	392.98989873	392.98989873	392.98989873
98	3.910	3.102	0.715	392.09040380	392.09040380	392.09040380
98	3.874	3.060	0.699	395.47518011	395.47518011	395.47518011
98	4.161	2.990	0.658	392.33304448	392.33304448	392.33304448
98	3.941	3.633	0.788	394.47518011	394.47518011	394.47518011
98	3.927	3.614	0.802	392.29141392	392.29141392	392.29141392
98	3.808	3.741	0.866	395.06096654	395.06096654	395.06096654
99	3.796	2.939	0.708	399.16147161	399.16147161	399.16147161
99	3.557	2.743	0.683	399.61731573	399.61731573	399.61731573
99	3.726	3.622	1.155	398.98989873	398.98989873	398.98989873
99	3.823	3.196	0.711	396.70562748	396.70562748	396.70562748
99	3.589	2.868	0.681	397.13203436	397.13203436	397.13203436
99	3.718	2.898	0.689	399.30360723	399.30360723	399.30360723
99	3.679	3.734	0.813	399.33304448	399.33304448	399.33304448
99	3.666	2.778	0.697	396.71782079	396.71782079	396.71782079
99	3.577	3.569	0.782	397.06096654	397.06096654	397.06096654
99	3.678	4.038	0.802	396.88939367	396.88939367	396.88939367
100	3.631	3.117	0.698	402.64675298	402.64675298	402.64675298
100	3.740	3.102	0.730	403.71782079	403.71782079	403.71782079
100	3.733	3.733	0.812	400.30360723	400.30360723	400.30360723
100	3.784	3.697	0.848	400.74725805	400.74725805	400.74725805
100	3.725	3.545	0.781	402.09040380	402.09040380	402.09040380
100	3.613	3.577	0.785	403.71782079	403.71782079	403.71782079
100	4.130	2.956	0.696	400.06096654	400.06096654	400.06096654
100	3.877	3.505	0.772	400.16147161	400.16147161	400.16147161
100	3.718	3.575	0.799	403.71782079	403.71782079	403.71782079
100	3.824	3.706	0.842	403.91883092	403.91883092	403.91883092
101	3.768	3.714	0.842	406.64675298	406.64675298	406.64675298
101	3.715	3.915	0.822	405.40411229	405.40411229	405.40411229
101	3.803	3.767	0.815	404.85995642	404.85995642	404.85995642
101	3.676	3.065	0.709	406.96046148	406.96046148	406.96046148
101	3.826	2.976	0.709	404.98989873	404.98989873	404.98989873
101	3.717	3.203	0.728	405.71782079	405.71782079	405.71782079
101	3.854	2.957	0.711	405.64675298	405.64675298	405.64675298
101	3.644	3.723	0.796	404.40411229	404.40411229	404.40411229
101	3.843	2.947	0.713	405.33304448	405.33304448	405.33304448
101	3.580	3.050	0.707	406.78888861	406.78888861	406.78888861
102	3.799	2.945	0.707	409.96046148	409.96046148	409.96046148
102	3.660	3.539	0.790	410.71782079	410.71782079	410.71782079
102	3.816	3.001	0.690	408.33304448	408.33304448	408.33304448
102	3.739	3.558	0.798	409.81832586	409.81832586	409.81832586
102	4.076	2.890	0.699	408.06096654	408.06096654	408.06096654
102	4.117	3.678	0.810	409.03152929	409.03152929	409.03152929
102	3.822	2.944	0.701	409.30360723	409.30360723	409.30360723
102	3.652	3.755	0.816	408.40411229	408.40411229	408.40411229
102	3.751	3.705	0.824	408.50461736	408.50461736	408.50461736
102	3.851	3.181	0.734	411.40411229	411.40411229	411.40411229
103	5.164	3.021	0.721	412.61731573	412.61731573	412.61731573
103	3.735	3.247	0.716	412.27416998	412.27416998	412.27416998
103	3.780	2.981	0.695	412.44574285	412.44574285	412.44574285
103	3.780	3.981	0.808	414.37467504	414.37467504	414.37467504
103	3.645	3.105	0.701	415.13203436	415.13203436	415.13203436
103	3.693	2.876	0.683	415.03152929	415.03152929	415.03152929
103	3.656	3.186	0.691	412.27416998	412.27416998	412.27416998
103	3.759	3.695	0.802	414.44574285	414.44574285	414.44574285
103	3.805	3.759	0.808	415.75945135	415.75945135	415.75945135
103	3.755	3.709	0.803	413.27416998	413.27416998	413.27416998
